t,x,y,z,qw,qx,qy,qz
0,0.499717,-0.00249798,0.499685,0.999985,0.0054475,-0.000626007,0
0.01,0.998836,-0.00998371,0.998741,0.99994,0.0108813,-0.00130472,2.95733e-07
0.02,1.49731,-0.0224445,1.49717,0.999865,0.0163006,-0.00203592,1.18135e-06
0.03,1.99509,-0.0398672,1.99497,0.99976,0.021705,-0.00281937,2.94941e-06
0.04,2.49212,-0.0622384,2.49215,0.999626,0.0270936,-0.00365483,5.89078e-06
0.05,2.98837,-0.0895439,2.98871,0.999463,0.0324659,-0.00454205,1.02947e-05
0.06,3.48378,-0.121769,3.48464,0.999269,0.0378213,-0.00548079,1.64486e-05
0.07,3.9783,-0.1589,3.97995,0.999047,0.043159,-0.00647077,2.46382e-05
0.08,4.47189,-0.20092,4.47465,0.998796,0.0484786,-0.00751173,3.51475e-05
0.09,4.96451,-0.247814,4.96873,0.998516,0.0537792,-0.0086034,4.82585e-05
0.1,5.4561,-0.299566,5.46219,0.998207,0.0590605,-0.00974549,6.42514e-05
0.11,5.94661,-0.356158,5.95504,0.997869,0.0643216,-0.0109377,8.34047e-05
0.12,6.43601,-0.417575,6.44728,0.997503,0.0695621,-0.0121798,0.000105995
0.13,6.92425,-0.483799,6.93891,0.997109,0.0747813,-0.0134714,0.000132296
0.14,7.41128,-0.554811,7.42993,0.996687,0.0799786,-0.0148122,0.000162581
0.15,7.89705,-0.630593,7.92034,0.996236,0.0851535,-0.0162019,0.000197119
0.16,8.38152,-0.711127,8.41015,0.995758,0.0903052,-0.0176402,0.000236181
0.17,8.86464,-0.796393,8.89935,0.995252,0.0954334,-0.0191268,0.00028003
0.18,9.34638,-0.886372,9.38795,0.994719,0.100537,-0.0206613,0.000328933
0.19,9.82668,-0.981044,9.87595,0.994158,0.105616,-0.0222433,0.00038315
0.2,10.3055,-1.08039,10.3633,0.99357,0.11067,-0.0238726,0.000442942
0.21,10.7828,-1.18439,10.8501,0.992956,0.115698,-0.0255488,0.000508567
0.22,11.2585,-1.29301,11.3363,0.992314,0.1207,-0.0272715,0.000580279
0.23,11.7327,-1.40625,11.8219,0.991646,0.125674,-0.0290404,0.000658331
0.24,12.2051,-1.52407,12.307,0.990952,0.130621,-0.030855,0.000742975
0.25,12.6759,-1.64646,12.7914,0.990231,0.135539,-0.032715,0.000834459
0.26,13.1449,-1.77339,13.2752,0.989485,0.14043,-0.0346201,0.000933029
0.27,13.6122,-1.90484,13.7584,0.988712,0.145291,-0.0365698,0.00103893
0.28,14.0776,-2.04078,14.2411,0.987914,0.150122,-0.0385637,0.0011524
0.29,14.5412,-2.18119,14.7231,0.987091,0.154923,-0.0406015,0.00127368
0.3,15.0028,-2.32606,15.2046,0.986243,0.159693,-0.0426826,0.00140301
0.31,15.4625,-2.47534,15.6855,0.985369,0.164432,-0.0448069,0.00154062
0.32,15.9203,-2.62902,16.1658,0.984471,0.16914,-0.0469737,0.00168674
0.33,16.3759,-2.78708,16.6456,0.983548,0.173815,-0.0491827,0.0018416
0.34,16.8296,-2.94948,17.1247,0.9826,0.178458,-0.0514334,0.00200543
0.35,17.2811,-3.1162,17.6033,0.981629,0.183067,-0.0537255,0.00217846
0.36,17.7304,-3.28721,18.0813,0.980633,0.187643,-0.0560585,0.00236089
0.37,18.1776,-3.46249,18.5587,0.979614,0.192185,-0.058432,0.00255296
0.38,18.6225,-3.64202,19.0355,0.978572,0.196692,-0.0608454,0.00275487
0.39,19.0652,-3.82575,19.5118,0.977506,0.201165,-0.0632984,0.00296685
0.4,19.5056,-4.01367,19.9875,0.976417,0.205601,-0.0657905,0.00318909
0.41,19.9436,-4.20574,20.4626,0.975305,0.210002,-0.0683212,0.00342182
0.42,20.3792,-4.40195,20.9372,0.97417,0.214367,-0.0708902,0.00366523
0.43,20.8125,-4.60225,21.4112,0.973014,0.218695,-0.0734968,0.00391953
0.44,21.2432,-4.80662,21.8846,0.971835,0.222986,-0.0761407,0.00418492
0.45,21.6715,-5.01503,22.3574,0.970634,0.227239,-0.0788213,0.0044616
0.46,22.0972,-5.22746,22.8297,0.969411,0.231454,-0.0815382,0.00474975
0.47,22.5204,-5.44386,23.3015,0.968167,0.235631,-0.084291,0.00504957
0.48,22.941,-5.66422,23.7726,0.966902,0.239769,-0.087079,0.00536125
0.49,23.3589,-5.88849,24.2433,0.965616,0.243868,-0.0899019,0.00568498
0.5,23.7742,-6.11665,24.7133,0.964309,0.247927,-0.092759,0.00602094
0.51,24.1867,-6.34867,25.1828,0.962982,0.251946,-0.0956501,0.0063693
0.52,24.5965,-6.58452,25.6518,0.961634,0.255925,-0.0985744,0.00673025
0.53,25.0035,-6.82415,26.1201,0.960266,0.259864,-0.101532,0.00710396
0.54,25.4078,-7.06755,26.588,0.958879,0.263761,-0.104521,0.0074906
0.55,25.8091,-7.31468,27.0553,0.957472,0.267618,-0.107542,0.00789035
0.56,26.2076,-7.5655,27.522,0.956046,0.271432,-0.110595,0.00830336
0.57,26.6032,-7.81999,27.9882,0.954601,0.275205,-0.113678,0.00872979
0.58,26.9959,-8.07811,28.4538,0.953137,0.278935,-0.116792,0.00916982
0.59,27.3855,-8.33982,28.9189,0.951655,0.282622,-0.119935,0.00962359
0.6,27.7722,-8.60509,29.3835,0.950155,0.286267,-0.123108,0.0100913
0.61,28.1558,-8.87389,29.8475,0.948636,0.289868,-0.126309,0.010573
0.62,28.5364,-9.14619,30.3109,0.9471,0.293426,-0.129538,0.0110689
0.63,28.9138,-9.42194,30.7738,0.945547,0.29694,-0.132795,0.0115792
0.64,29.2882,-9.70112,31.2362,0.943976,0.30041,-0.136079,0.0121039
0.65,29.6593,-9.98369,31.6981,0.942388,0.303835,-0.139389,0.0126433
0.66,30.0273,-10.2696,32.1594,0.940784,0.307215,-0.142726,0.0131974
0.67,30.3921,-10.5588,32.6201,0.939163,0.310551,-0.146087,0.0137664
0.68,30.7536,-10.8514,33.0804,0.937526,0.313842,-0.149474,0.0143505
0.69,31.1119,-11.1471,33.5401,0.935873,0.317087,-0.152885,0.0149497
0.7,31.4668,-11.4461,33.9992,0.934205,0.320286,-0.15632,0.0155642
0.71,31.8184,-11.7482,34.4579,0.932521,0.32344,-0.159778,0.016194
0.72,32.1667,-12.0535,34.916,0.930822,0.326547,-0.163259,0.0168394
0.73,32.5116,-12.3619,35.3735,0.929109,0.329608,-0.166762,0.0175004
0.74,32.853,-12.6733,35.8306,0.927381,0.332622,-0.170286,0.0181771
0.75,33.1911,-12.9878,36.2871,0.925638,0.33559,-0.173832,0.0188697
0.76,33.5256,-13.3053,36.7431,0.923882,0.33851,-0.177397,0.0195783
0.77,33.8567,-13.6257,37.1986,0.922112,0.341384,-0.180983,0.0203028
0.78,34.1843,-13.949,37.6535,0.920328,0.34421,-0.184588,0.0210436
0.79,34.5083,-14.2751,38.108,0.918532,0.346988,-0.188212,0.0218006
0.8,34.8288,-14.6042,38.5619,0.916722,0.349719,-0.191854,0.0225739
0.81,35.1457,-14.936,39.0152,0.9149,0.352402,-0.195514,0.0233637
0.82,35.459,-15.2705,39.4681,0.913065,0.355037,-0.199191,0.02417
0.83,35.7687,-15.6078,39.9205,0.911218,0.357623,-0.202884,0.0249928
0.84,36.0747,-15.9478,40.3723,0.90936,0.360162,-0.206593,0.0258324
0.85,36.3771,-16.2904,40.8236,0.90749,0.362652,-0.210317,0.0266887
0.86,36.6757,-16.6356,41.2745,0.905609,0.365093,-0.214057,0.0275619
0.87,36.9706,-16.9834,41.7248,0.903717,0.367486,-0.21781,0.028452
0.88,37.2618,-17.3336,42.1745,0.901814,0.369829,-0.221577,0.029359
0.89,37.5493,-17.6864,42.6238,0.8999,0.372124,-0.225357,0.0302831
0.9,37.833,-18.0416,43.0726,0.897977,0.37437,-0.22915,0.0312243
0.91,38.1128,-18.3992,43.5209,0.896043,0.376567,-0.232955,0.0321827
0.92,38.3889,-18.7592,43.9686,0.8941,0.378714,-0.236771,0.0331582
0.93,38.6611,-19.1214,44.4159,0.892148,0.380813,-0.240597,0.0341511
0.94,38.9295,-19.486,44.8626,0.890187,0.382862,-0.244434,0.0351612
0.95,39.194,-19.8528,45.3089,0.888217,0.384861,-0.248281,0.0361888
0.96,39.4547,-20.2218,45.7546,0.886238,0.386811,-0.252137,0.0372337
0.97,39.7114,-20.5929,46.1999,0.884251,0.388712,-0.256001,0.0382961
0.98,39.9642,-20.9662,46.6446,0.882257,0.390563,-0.259873,0.039376
0.99,40.2131,-21.3415,47.0889,0.880254,0.392364,-0.263752,0.0404734
1,40.458,-21.7189,47.5326,0.878244,0.394115,-0.267639,0.0415884
1.01,40.6989,-22.0982,47.9759,0.876227,0.395818,-0.271531,0.0427209
1.02,40.9359,-22.4795,48.4186,0.874204,0.39747,-0.275429,0.0438711
1.03,41.1689,-22.8627,48.8609,0.872173,0.399072,-0.279332,0.0450389
1.04,41.3979,-23.2478,49.3027,0.870137,0.400625,-0.28324,0.0462244
1.05,41.6228,-23.6347,49.744,0.868094,0.402129,-0.287151,0.0474275
1.06,41.8437,-24.0234,50.1848,0.866046,0.403582,-0.291066,0.0486483
1.07,42.0606,-24.4138,50.6251,0.863992,0.404986,-0.294984,0.0498868
1.08,42.2734,-24.8059,51.0649,0.861933,0.40634,-0.298904,0.0511431
1.09,42.4822,-25.1997,51.5042,0.859869,0.407645,-0.302826,0.052417
1.1,42.6868,-25.5951,51.9431,0.8578,0.4089,-0.306749,0.0537086
1.11,42.8874,-25.9921,52.3814,0.855727,0.410106,-0.310673,0.055018
1.12,43.0838,-26.3906,52.8193,0.85365,0.411262,-0.314596,0.0563451
1.13,43.2762,-26.7905,53.2567,0.851569,0.412369,-0.318519,0.0576898
1.14,43.4644,-27.192,53.6936,0.849484,0.413426,-0.322441,0.0590523
1.15,43.6484,-27.5948,54.13,0.847397,0.414434,-0.326361,0.0604324
1.16,43.8284,-27.999,54.566,0.845306,0.415393,-0.330279,0.0618302
1.17,44.0042,-28.4044,55.0015,0.843212,0.416302,-0.334194,0.0632456
1.18,44.1758,-28.8112,55.4365,0.841116,0.417163,-0.338106,0.0646787
1.19,44.3433,-29.2192,55.871,0.839018,0.417975,-0.342014,0.0661294
1.2,44.5065,-29.6284,56.305,0.836917,0.418737,-0.345918,0.0675976
1.21,44.6656,-30.0388,56.7386,0.834815,0.419451,-0.349817,0.0690834
1.22,44.8206,-30.4502,57.1717,0.832712,0.420117,-0.35371,0.0705867
1.23,44.9713,-30.8627,57.6044,0.830607,0.420734,-0.357598,0.0721075
1.24,45.1178,-31.2762,58.0365,0.828501,0.421302,-0.361478,0.0736457
1.25,45.2601,-31.6907,58.4682,0.826395,0.421822,-0.365352,0.0752013
1.26,45.3982,-32.1062,58.8994,0.824288,0.422295,-0.369218,0.0767743
1.27,45.5321,-32.5225,59.3302,0.822181,0.422719,-0.373076,0.0783646
1.28,45.6618,-32.9396,59.7605,0.820074,0.423095,-0.376926,0.0799721
1.29,45.7873,-33.3576,60.1903,0.817968,0.423424,-0.380766,0.0815969
1.3,45.9085,-33.7764,60.6197,0.815862,0.423705,-0.384596,0.0832388
1.31,46.0256,-34.1958,61.0486,0.813757,0.423939,-0.388417,0.0848979
1.32,46.1383,-34.616,61.477,0.811653,0.424125,-0.392226,0.0865739
1.33,46.2469,-35.0367,61.905,0.809551,0.424265,-0.396025,0.088267
1.34,46.3512,-35.4581,62.3325,0.80745,0.424358,-0.399811,0.089977
1.35,46.4513,-35.88,62.7595,0.805351,0.424404,-0.403585,0.0917038
1.36,46.5472,-36.3024,63.1861,0.803254,0.424404,-0.407347,0.0934474
1.37,46.6389,-36.7253,63.6123,0.80116,0.424357,-0.411095,0.0952077
1.38,46.7263,-37.1486,64.0379,0.799068,0.424265,-0.41483,0.0969846
1.39,46.8094,-37.5723,64.4632,0.796979,0.424127,-0.41855,0.0987782
1.4,46.8884,-37.9964,64.8879,0.794893,0.423943,-0.422256,0.100588
1.41,46.9631,-38.4207,65.3123,0.79281,0.423714,-0.425946,0.102415
1.42,47.0336,-38.8453,65.7361,0.790731,0.423439,-0.429621,0.104257
1.43,47.0999,-39.2701,66.1596,0.788656,0.42312,-0.433279,0.106116
1.44,47.1619,-39.695,66.5825,0.786584,0.422756,-0.436921,0.107991
1.45,47.2198,-40.1201,67.005,0.784517,0.422348,-0.440546,0.109882
1.46,47.2734,-40.5453,67.4271,0.782455,0.421896,-0.444153,0.111789
1.47,47.3228,-40.9706,67.8487,0.780397,0.421399,-0.447742,0.113712
1.48,47.368,-41.3958,68.2699,0.778344,0.420859,-0.451312,0.115651
1.49,47.409,-41.821,68.6906,0.776297,0.420276,-0.454864,0.117605
1.5,47.4459,-42.2461,69.1109,0.774254,0.419649,-0.458396,0.119575
1.51,47.4785,-42.6711,69.5308,0.772218,0.41898,-0.461908,0.121561
1.52,47.5069,-43.0959,69.9502,0.770187,0.418268,-0.465399,0.123561
1.53,47.5312,-43.5206,70.3691,0.768162,0.417514,-0.46887,0.125577
1.54,47.5513,-43.945,70.7877,0.766144,0.416717,-0.47232,0.127608
1.55,47.5672,-44.3691,71.2058,0.764132,0.415879,-0.475748,0.129654
1.56,47.579,-44.7928,71.6234,0.762127,0.415,-0.479154,0.131715
1.57,47.5866,-45.2162,72.0406,0.760129,0.414079,-0.482538,0.133791
1.58,47.5901,-45.6393,72.4574,0.758138,0.413118,-0.485898,0.135882
1.59,47.5895,-46.0618,72.8737,0.756154,0.412116,-0.489235,0.137986
1.6,47.5848,-46.4839,73.2896,0.754178,0.411074,-0.492548,0.140106
1.61,47.5759,-46.9054,73.7051,0.75221,0.409993,-0.495837,0.142239
1.62,47.5629,-47.3264,74.1201,0.750249,0.408871,-0.499102,0.144387
1.63,47.5459,-47.7468,74.5347,0.748297,0.407711,-0.502342,0.146549
1.64,47.5247,-48.1665,74.9489,0.746353,0.406511,-0.505556,0.148725
1.65,47.4995,-48.5855,75.3626,0.744418,0.405273,-0.508744,0.150914
1.66,47.4703,-49.0039,75.776,0.742491,0.403997,-0.511906,0.153117
1.67,47.437,-49.4214,76.1888,0.740574,0.402683,-0.515042,0.155334
1.68,47.3996,-49.8382,76.6013,0.738666,0.401332,-0.51815,0.157564
1.69,47.3583,-50.2541,77.0133,0.736767,0.399943,-0.521231,0.159807
1.7,47.3129,-50.6691,77.425,0.734877,0.398518,-0.524285,0.162063
1.71,47.2636,-51.0832,77.8361,0.732997,0.397056,-0.527311,0.164332
1.72,47.2102,-51.4963,78.2469,0.731128,0.395558,-0.530308,0.166614
1.73,47.1529,-51.9085,78.6572,0.729268,0.394024,-0.533276,0.168909
1.74,47.0916,-52.3196,79.0672,0.727418,0.392455,-0.536215,0.171216
1.75,47.0264,-52.7296,79.4767,0.725579,0.390851,-0.539125,0.173535
1.76,46.9573,-53.1385,79.8857,0.723751,0.389212,-0.542005,0.175867
1.77,46.8843,-53.5463,80.2944,0.721934,0.38754,-0.544854,0.17821
1.78,46.8074,-53.9529,80.7027,0.720127,0.385833,-0.547673,0.180566
1.79,46.7266,-54.3583,81.1105,0.718331,0.384093,-0.550462,0.182933
1.8,46.6419,-54.7624,81.5179,0.716547,0.38232,-0.553219,0.185311
1.81,46.5534,-55.1652,81.9249,0.714774,0.380514,-0.555945,0.187701
1.82,46.4611,-55.5667,82.3315,0.713013,0.378676,-0.558639,0.190102
1.83,46.3649,-55.9668,82.7376,0.711264,0.376806,-0.561301,0.192515
1.84,46.265,-56.3655,83.1434,0.709527,0.374905,-0.56393,0.194938
1.85,46.1613,-56.7628,83.5487,0.707802,0.372973,-0.566527,0.197372
1.86,46.0539,-57.1586,83.9537,0.706089,0.37101,-0.569091,0.199816
1.87,45.9427,-57.5529,84.3582,0.704388,0.369017,-0.571621,0.202271
1.88,45.8278,-57.9456,84.7623,0.7027,0.366994,-0.574118,0.204736
1.89,45.7092,-58.3368,85.166,0.701025,0.364941,-0.576581,0.207211
1.9,45.5869,-58.7263,85.5694,0.699362,0.36286,-0.57901,0.209696
1.91,45.461,-59.1142,85.9722,0.697713,0.36075,-0.581405,0.212191
1.92,45.3314,-59.5004,86.3747,0.696076,0.358612,-0.583765,0.214695
1.93,45.1982,-59.8849,86.7768,0.694453,0.356446,-0.58609,0.217209
1.94,45.0615,-60.2677,87.1785,0.692843,0.354253,-0.58838,0.219732
1.95,44.9211,-60.6486,87.5798,0.691247,0.352033,-0.590634,0.222263
1.96,44.7772,-61.0277,87.9807,0.689665,0.349787,-0.592853,0.224804
1.97,44.6298,-61.405,88.3812,0.688096,0.347515,-0.595036,0.227353
1.98,44.4789,-61.7804,88.7813,0.686541,0.345217,-0.597183,0.229911
1.99,44.3244,-62.1539,89.1809,0.685001,0.342894,-0.599294,0.232476
2,44.1666,-62.5254,89.5802,0.683474,0.340546,-0.601367,0.23505
2.01,44.0052,-62.8949,89.9791,0.681962,0.338175,-0.603405,0.237632
2.02,43.8405,-63.2625,90.3776,0.680464,0.335779,-0.605405,0.240222
2.03,43.6724,-63.6279,90.7757,0.67898,0.33336,-0.607368,0.242819
2.04,43.5009,-63.9913,91.1734,0.677512,0.330918,-0.609294,0.245423
2.05,43.326,-64.3526,91.5707,0.676058,0.328454,-0.611182,0.248035
2.06,43.1479,-64.7118,91.9676,0.674618,0.325968,-0.613032,0.250653
2.07,42.9664,-65.0688,92.3642,0.673194,0.32346,-0.614844,0.253279
2.08,42.7817,-65.4236,92.7603,0.671785,0.320931,-0.616618,0.25591
2.09,42.5937,-65.7761,93.156,0.670391,0.318382,-0.618354,0.258549
2.1,42.4025,-66.1264,93.5514,0.669012,0.315812,-0.620052,0.261193
2.11,42.2082,-66.4744,93.9463,0.667648,0.313223,-0.62171,0.263844
2.12,42.0106,-66.8201,94.3409,0.6663,0.310615,-0.62333,0.2665
2.13,41.8099,-67.1635,94.7351,0.664968,0.307987,-0.624911,0.269162
2.14,41.6061,-67.5045,95.1289,0.663651,0.305342,-0.626453,0.271829
2.15,41.3993,-67.843,95.5223,0.662349,0.302678,-0.627956,0.274501
2.16,41.1893,-68.1792,95.9154,0.661064,0.299998,-0.629419,0.277179
2.17,40.9763,-68.5129,96.308,0.659794,0.2973,-0.630843,0.279861
2.18,40.7603,-68.844,96.7003,0.65854,0.294586,-0.632227,0.282548
2.19,40.5414,-69.1727,97.0922,0.657302,0.291855,-0.633571,0.285239
2.2,40.3195,-69.4989,97.4837,0.656081,0.28911,-0.634876,0.287935
2.21,40.0946,-69.8225,97.8748,0.654875,0.286349,-0.63614,0.290635
2.22,39.8669,-70.1435,98.2655,0.653686,0.283574,-0.637365,0.293338
2.23,39.6363,-70.4618,98.6559,0.652513,0.280784,-0.638549,0.296045
2.24,39.4029,-70.7776,99.0459,0.651356,0.277981,-0.639693,0.298756
2.25,39.1667,-71.0906,99.4355,0.650215,0.275165,-0.640796,0.30147
2.26,38.9277,-71.401,99.8247,0.649092,0.272336,-0.64186,0.304187
2.27,38.6859,-71.7086,100.214,0.647984,0.269494,-0.642882,0.306906
2.28,38.4415,-72.0136,100.602,0.646893,0.266641,-0.643864,0.309629
2.29,38.1943,-72.3157,100.99,0.645819,0.263777,-0.644806,0.312354
2.3,37.9445,-72.6151,101.378,0.644761,0.260902,-0.645707,0.315081
2.31,37.6921,-72.9116,101.765,0.64372,0.258016,-0.646567,0.31781
2.32,37.4371,-73.2053,102.152,0.642696,0.255121,-0.647386,0.320541
2.33,37.1795,-73.4962,102.539,0.641689,0.252216,-0.648164,0.323273
2.34,36.9193,-73.7841,102.925,0.640698,0.249303,-0.648902,0.326007
2.35,36.6567,-74.0692,103.311,0.639725,0.24638,-0.649598,0.328742
2.36,36.3916,-74.3514,103.697,0.638768,0.24345,-0.650254,0.331478
2.37,36.1241,-74.6306,104.082,0.637828,0.240512,-0.650868,0.334216
2.38,35.8541,-74.9068,104.466,0.636905,0.237567,-0.651442,0.336953
2.39,35.5818,-75.1801,104.851,0.635999,0.234616,-0.651974,0.339691
2.4,35.3071,-75.4503,105.235,0.63511,0.231658,-0.652466,0.34243
2.41,35.0302,-75.7175,105.619,0.634238,0.228695,-0.652916,0.345168
2.42,34.7509,-75.9817,106.002,0.633383,0.225727,-0.653326,0.347906
2.43,34.4694,-76.2428,106.385,0.632545,0.222754,-0.653694,0.350644
2.44,34.1857,-76.5008,106.767,0.631725,0.219776,-0.654021,0.353381
2.45,33.8998,-76.7557,107.15,0.630921,0.216795,-0.654308,0.356118
2.46,33.6117,-77.0075,107.532,0.630134,0.21381,-0.654553,0.358853
2.47,33.3216,-77.2562,107.913,0.629365,0.210823,-0.654758,0.361588
2.48,33.0293,-77.5017,108.294,0.628612,0.207833,-0.654922,0.364321
2.49,32.735,-77.744,108.675,0.627877,0.204841,-0.655044,0.367052
2.5,32.4387,-77.9831,109.055,0.627159,0.201848,-0.655126,0.369782
2.51,32.1404,-78.2191,109.436,0.626458,0.198854,-0.655168,0.37251
2.52,31.8402,-78.4518,109.815,0.625774,0.195859,-0.655168,0.375235
2.53,31.538,-78.6812,110.195,0.625107,0.192864,-0.655128,0.377958
2.54,31.234,-78.9074,110.574,0.624457,0.189869,-0.655047,0.380679
2.55,30.9281,-79.1304,110.952,0.623824,0.186876,-0.654926,0.383397
2.56,30.6204,-79.35,111.331,0.623208,0.183883,-0.654764,0.386112
2.57,30.311,-79.5664,111.709,0.62261,0.180892,-0.654562,0.388823
2.58,29.9998,-79.7794,112.086,0.622028,0.177904,-0.65432,0.391532
2.59,29.6868,-79.9891,112.463,0.621463,0.174917,-0.654037,0.394237
2.6,29.3723,-80.1955,112.84,0.620916,0.171934,-0.653715,0.396938
2.61,29.056,-80.3985,113.217,0.620385,0.168955,-0.653352,0.399635
2.62,28.7382,-80.5981,113.593,0.619871,0.165979,-0.652949,0.402328
2.63,28.4188,-80.7944,113.969,0.619374,0.163008,-0.652507,0.405017
2.64,28.0979,-80.9873,114.344,0.618894,0.160042,-0.652025,0.407701
2.65,27.7754,-81.1767,114.72,0.618431,0.15708,-0.651503,0.410381
2.66,27.4515,-81.3628,115.094,0.617984,0.154125,-0.650942,0.413056
2.67,27.1262,-81.5454,115.469,0.617554,0.151175,-0.650342,0.415725
2.68,26.7995,-81.7246,115.843,0.617141,0.148233,-0.649703,0.41839
2.69,26.4714,-81.9004,116.217,0.616745,0.145297,-0.649024,0.421049
2.7,26.142,-82.0727,116.59,0.616365,0.142369,-0.648306,0.423702
2.71,25.8114,-82.2415,116.963,0.616002,0.139448,-0.64755,0.42635
2.72,25.4794,-82.4069,117.336,0.615656,0.136536,-0.646755,0.428991
2.73,25.1463,-82.5687,117.709,0.615326,0.133632,-0.645922,0.431627
2.74,24.8119,-82.7271,118.081,0.615012,0.130738,-0.64505,0.434256
2.75,24.4765,-82.882,118.452,0.614714,0.127853,-0.644141,0.436878
2.76,24.1399,-83.0334,118.824,0.614433,0.124978,-0.643193,0.439494
2.77,23.8022,-83.1812,119.195,0.614169,0.122113,-0.642207,0.442103
2.78,23.4636,-83.3255,119.565,0.61392,0.119259,-0.641184,0.444705
2.79,23.1239,-83.4663,119.936,0.613688,0.116417,-0.640124,0.447299
2.8,22.7832,-83.6036,120.306,0.613471,0.113585,-0.639026,0.449886
2.81,22.4416,-83.7373,120.676,0.613271,0.110766,-0.637891,0.452466
2.82,22.0992,-83.8675,121.045,0.613086,0.10796,-0.636719,0.455037
2.83,21.7559,-83.9942,121.414,0.612918,0.105166,-0.63551,0.457601
2.84,21.4117,-84.1172,121.783,0.612765,0.102385,-0.634265,0.460157
2.85,21.0668,-84.2367,122.151,0.612628,0.0996175,-0.632984,0.462704
2.86,20.7211,-84.3527,122.519,0.612506,0.0968642,-0.631667,0.465243
2.87,20.3747,-84.4651,122.887,0.6124,0.0941252,-0.630314,0.467773
2.88,20.0276,-84.5739,123.254,0.61231,0.091401,-0.628925,0.470294
2.89,19.6799,-84.6791,123.621,0.612234,0.0886919,-0.6275,0.472807
2.9,19.3316,-84.7808,123.988,0.612175,0.0859982,-0.626041,0.47531
2.91,18.9827,-84.8788,124.354,0.61213,0.0833204,-0.624547,0.477804
2.92,18.6333,-84.9733,124.721,0.6121,0.0806589,-0.623017,0.480288
2.93,18.2834,-85.0642,125.086,0.612086,0.0780139,-0.621454,0.482763
2.94,17.933,-85.1516,125.452,0.612086,0.0753859,-0.619856,0.485228
2.95,17.5822,-85.2353,125.817,0.612102,0.0727752,-0.618224,0.487683
2.96,17.231,-85.3154,126.182,0.612132,0.0701822,-0.616558,0.490128
2.97,16.8795,-85.392,126.546,0.612177,0.0676073,-0.614859,0.492562
2.98,16.5276,-85.465,126.91,0.612236,0.0650507,-0.613127,0.494986
2.99,16.1755,-85.5343,127.274,0.61231,0.0625128,-0.611361,0.4974
3,15.8231,-85.6001,127.637,0.612398,0.0599941,-0.609563,0.499803
3.01,15.4705,-85.6624,128.001,0.6125,0.0574948,-0.607732,0.502195
3.02,15.1178,-85.721,128.363,0.612617,0.0550152,-0.605869,0.504576
3.03,14.7649,-85.776,128.726,0.612747,0.0525558,-0.603974,0.506945
3.04,14.4119,-85.8275,129.088,0.612892,0.0501168,-0.602048,0.509304
3.05,14.0588,-85.8754,129.45,0.61305,0.0476986,-0.60009,0.511651
3.06,13.7057,-85.9197,129.812,0.613222,0.0453014,-0.598101,0.513986
3.07,13.3526,-85.9605,130.173,0.613408,0.0429257,-0.596081,0.516309
3.08,12.9995,-85.9976,130.534,0.613607,0.0405717,-0.594031,0.518621
3.09,12.6465,-86.0313,130.894,0.613819,0.0382398,-0.59195,0.520921
3.1,12.2937,-86.0613,131.255,0.614045,0.0359302,-0.58984,0.523208
3.11,11.9409,-86.0878,131.615,0.614284,0.0336433,-0.5877,0.525483
3.12,11.5884,-86.1108,131.974,0.614536,0.0313794,-0.58553,0.527746
3.13,11.236,-86.1302,132.334,0.614801,0.0291387,-0.583331,0.529996
3.14,10.884,-86.1461,132.693,0.615078,0.0269216,-0.581104,0.532233
3.15,10.5321,-86.1584,133.051,0.615368,0.0247284,-0.578848,0.534457
3.16,10.1807,-86.1672,133.41,0.615671,0.0225593,-0.576565,0.536669
3.17,9.82952,-86.1725,133.768,0.615986,0.0204147,-0.574253,0.538867
3.18,9.47878,-86.1743,134.126,0.616314,0.0182948,-0.571914,0.541052
3.19,9.12846,-86.1726,134.483,0.616653,0.0161999,-0.569547,0.543224
3.2,8.77859,-86.1673,134.84,0.617004,0.0141302,-0.567154,0.545382
3.21,8.42921,-86.1586,135.197,0.617368,0.0120861,-0.564735,0.547527
3.22,8.08036,-86.1464,135.554,0.617743,0.0100678,-0.562289,0.549658
3.23,7.73207,-86.1308,135.91,0.618129,0.00807562,-0.559817,0.551775
3.24,7.38437,-86.1116,136.266,0.618528,0.00610974,-0.55732,0.553878
3.25,7.0373,-86.0891,136.621,0.618937,0.00417044,-0.554797,0.555967
3.26,6.69088,-86.063,136.977,0.619358,0.00225797,-0.55225,0.558042
3.27,6.34516,-86.0336,137.332,0.619789,0.000372588,-0.549678,0.560103
3.28,6.00017,-86.0007,137.687,0.620232,-0.00148547,-0.547082,0.562149
3.29,5.65593,-85.9644,138.041,0.620685,-0.00331597,-0.544462,0.564181
3.3,5.31249,-85.9247,138.395,0.621149,-0.00511867,-0.541819,0.566198
3.31,4.96988,-85.8816,138.749,0.621623,-0.00689334,-0.539152,0.5682
3.32,4.62812,-85.8351,139.102,0.622108,-0.00863977,-0.536463,0.570188
3.33,4.28726,-85.7852,139.456,0.622603,-0.0103577,-0.533751,0.572161
3.34,3.94731,-85.732,139.808,0.623108,-0.012047,-0.531017,0.574118
3.35,3.60833,-85.6755,140.161,0.623623,-0.0137073,-0.528262,0.576061
3.36,3.27033,-85.6156,140.513,0.624147,-0.0153385,-0.525485,0.577988
3.37,2.93336,-85.5524,140.865,0.624681,-0.0169405,-0.522687,0.5799
3.38,2.59743,-85.4858,141.217,0.625225,-0.0185128,-0.519868,0.581797
3.39,2.26259,-85.416,141.568,0.625778,-0.0200555,-0.517029,0.583678
3.4,1.92887,-85.343,141.92,0.62634,-0.0215683,-0.514171,0.585544
3.41,1.59629,-85.2666,142.27,0.626911,-0.0230509,-0.511292,0.587394
3.42,1.26489,-85.187,142.621,0.627491,-0.0245033,-0.508395,0.589228
3.43,0.934698,-85.1042,142.971,0.628079,-0.0259252,-0.505478,0.591047
3.44,0.605747,-85.0181,143.321,0.628676,-0.0273164,-0.502543,0.592849
3.45,0.278067,-84.9289,143.671,0.629281,-0.0286769,-0.499591,0.594636
3.46,-0.0483115,-84.8364,144.02,0.629895,-0.0300064,-0.49662,0.596407
3.47,-0.373358,-84.7408,144.369,0.630516,-0.0313047,-0.493632,0.598161
3.48,-0.697044,-84.642,144.718,0.631146,-0.0325717,-0.490627,0.599899
3.49,-1.01934,-84.5401,145.066,0.631783,-0.0338073,-0.487606,0.601621
3.5,-1.34021,-84.4351,145.414,0.632427,-0.0350113,-0.484568,0.603327
3.51,-1.65963,-84.3269,145.762,0.63308,-0.0361835,-0.481515,0.605016
3.52,-1.97757,-84.2157,146.11,0.633739,-0.0373238,-0.478446,0.606689
3.53,-2.294,-84.1014,146.457,0.634405,-0.0384321,-0.475362,0.608345
3.54,-2.60889,-83.984,146.804,0.635079,-0.0395082,-0.472263,0.609985
3.55,-2.92222,-83.8636,147.151,0.635759,-0.0405521,-0.46915,0.611608
3.56,-3.23395,-83.7402,147.497,0.636445,-0.0415635,-0.466024,0.613214
3.57,-3.54405,-83.6138,147.843,0.637138,-0.0425424,-0.462883,0.614804
3.58,-3.8525,-83.4844,148.189,0.637838,-0.0434886,-0.45973,0.616377
3.59,-4.15927,-83.352,148.535,0.638543,-0.0444021,-0.456564,0.617933
3.6,-4.46433,-83.2168,148.88,0.639254,-0.0452827,-0.453385,0.619472
3.61,-4.76766,-83.0785,149.225,0.639971,-0.0461304,-0.450195,0.620994
3.62,-5.06922,-82.9374,149.57,0.640694,-0.046945,-0.446993,0.622499
3.63,-5.369,-82.7934,149.914,0.641422,-0.0477264,-0.44378,0.623987
3.64,-5.66695,-82.6466,150.258,0.642155,-0.0484746,-0.440556,0.625458
3.65,-5.96306,-82.4969,150.602,0.642894,-0.0491894,-0.437321,0.626912
3.66,-6.25731,-82.3443,150.946,0.643637,-0.0498709,-0.434077,0.628348
3.67,-6.54965,-82.189,151.289,0.644385,-0.0505188,-0.430823,0.629768
3.68,-6.84008,-82.0309,151.632,0.645138,-0.0511332,-0.42756,0.63117
3.69,-7.12855,-81.8701,151.975,0.645895,-0.051714,-0.424287,0.632555
3.7,-7.41505,-81.7065,152.317,0.646656,-0.052261,-0.421007,0.633922
3.71,-7.69956,-81.5402,152.659,0.647422,-0.0527744,-0.417718,0.635273
3.72,-7.98204,-81.3712,153.001,0.648191,-0.0532539,-0.414422,0.636606
3.73,-8.26247,-81.1996,153.343,0.648964,-0.0536995,-0.411119,0.637921
3.74,-8.54083,-81.0253,153.684,0.649741,-0.0541113,-0.407809,0.639219
3.75,-8.81709,-80.8484,154.025,0.650521,-0.0544892,-0.404492,0.6405
3.76,-9.09123,-80.6689,154.366,0.651304,-0.054833,-0.401169,0.641763
3.77,-9.36322,-80.4868,154.707,0.65209,-0.0551429,-0.39784,0.643009
3.78,-9.63305,-80.3022,155.047,0.652879,-0.0554187,-0.394507,0.644238
3.79,-9.90068,-80.115,155.387,0.653671,-0.0556605,-0.391168,0.645448
3.8,-10.1661,-79.9254,155.726,0.654466,-0.0558681,-0.387825,0.646642
3.81,-10.4293,-79.7332,156.066,0.655262,-0.0560417,-0.384477,0.647818
3.82,-10.6902,-79.5386,156.405,0.656061,-0.0561812,-0.381126,0.648976
3.83,-10.9488,-79.3416,156.744,0.656862,-0.0562866,-0.377772,0.650117
3.84,-11.2052,-79.1422,157.082,0.657665,-0.0563579,-0.374415,0.65124
3.85,-11.4592,-78.9404,157.421,0.65847,-0.056395,-0.371055,0.652346
3.86,-11.7108,-78.7362,157.759,0.659276,-0.0563981,-0.367693,0.653434
3.87,-11.9601,-78.5297,158.097,0.660083,-0.0563671,-0.364329,0.654505
3.88,-12.207,-78.321,158.434,0.660892,-0.0563019,-0.360964,0.655558
3.89,-12.4515,-78.1099,158.771,0.661702,-0.0562028,-0.357598,0.656594
3.9,-12.6936,-77.8966,159.108,0.662512,-0.0560696,-0.354231,0.657612
3.91,-12.9332,-77.681,159.445,0.663324,-0.0559023,-0.350864,0.658613
3.92,-13.1704,-77.4633,159.781,0.664135,-0.0557012,-0.347497,0.659596
3.93,-13.405,-77.2434,160.117,0.664947,-0.055466,-0.344131,0.660562
3.94,-13.6371,-77.0213,160.453,0.66576,-0.055197,-0.340765,0.661511
3.95,-13.8668,-76.7972,160.789,0.666572,-0.0548941,-0.337401,0.662442
3.96,-14.0938,-76.5709,161.124,0.667384,-0.0545574,-0.334039,0.663355
3.97,-14.3183,-76.3426,161.459,0.668196,-0.054187,-0.330679,0.664251
3.98,-14.5402,-76.1122,161.794,0.669007,-0.0537828,-0.327321,0.66513
3.99,-14.7596,-75.8798,162.129,0.669818,-0.053345,-0.323966,0.665991
4,-14.9763,-75.6455,162.463,0.670627,-0.0528737,-0.320615,0.666835
4.01,-15.1903,-75.4092,162.797,0.671436,-0.0523688,-0.317267,0.667662
4.02,-15.4017,-75.1709,163.131,0.672244,-0.0518305,-0.313923,0.668472
4.03,-15.6105,-74.9308,163.464,0.67305,-0.0512588,-0.310583,0.669264
4.04,-15.8165,-74.6888,163.797,0.673855,-0.0506539,-0.307248,0.670039
4.05,-16.0199,-74.4449,164.13,0.674658,-0.0500158,-0.303918,0.670797
4.06,-16.2205,-74.1993,164.463,0.675459,-0.0493446,-0.300594,0.671538
4.07,-16.4184,-73.9518,164.795,0.676259,-0.0486403,-0.297275,0.672262
4.08,-16.6135,-73.7026,165.128,0.677056,-0.0479032,-0.293963,0.672968
4.09,-16.8059,-73.4517,165.46,0.677851,-0.0471333,-0.290657,0.673658
4.1,-16.9955,-73.1991,165.791,0.678643,-0.0463306,-0.287359,0.674331
4.11,-17.1823,-72.9448,166.123,0.679433,-0.0454953,-0.284067,0.674987
4.12,-17.3664,-72.6889,166.454,0.68022,-0.0446276,-0.280783,0.675626
4.13,-17.5475,-72.4313,166.785,0.681004,-0.0437275,-0.277507,0.676248
4.14,-17.7259,-72.1722,167.115,0.681785,-0.0427951,-0.27424,0.676853
4.15,-17.9014,-71.9115,167.446,0.682563,-0.0418306,-0.270981,0.677442
4.16,-18.074,-71.6493,167.776,0.683337,-0.0408341,-0.267732,0.678014
4.17,-18.2438,-71.3856,168.106,0.684108,-0.0398057,-0.264492,0.678569
4.18,-18.4107,-71.1205,168.435,0.684875,-0.0387456,-0.261261,0.679108
4.19,-18.5747,-70.8539,168.764,0.685638,-0.0376539,-0.258041,0.679631
4.2,-18.7358,-70.5859,169.094,0.686397,-0.0365308,-0.254832,0.680137
4.21,-18.8939,-70.3165,169.422,0.687152,-0.0353763,-0.251633,0.680626
4.22,-19.0492,-70.0458,169.751,0.687902,-0.0341907,-0.248445,0.681099
4.23,-19.2014,-69.7738,170.079,0.688648,-0.032974,-0.245269,0.681557
4.24,-19.3508,-69.5005,170.407,0.68939,-0.0317265,-0.242105,0.681998
4.25,-19.4972,-69.226,170.735,0.690126,-0.0304483,-0.238953,0.682422
4.26,-19.6406,-68.9502,171.063,0.690858,-0.0291396,-0.235813,0.682831
4.27,-19.781,-68.6733,171.39,0.691584,-0.0278005,-0.232687,0.683224
4.28,-19.9184,-68.3952,171.717,0.692306,-0.0264313,-0.229573,0.683601
4.29,-20.0528,-68.1159,172.044,0.693021,-0.025032,-0.226473,0.683962
4.3,-20.1843,-67.8356,172.37,0.693732,-0.0236028,-0.223387,0.684308
4.31,-20.3127,-67.5542,172.697,0.694436,-0.022144,-0.220316,0.684638
4.32,-20.4381,-67.2717,173.023,0.695135,-0.0206557,-0.217258,0.684952
4.33,-20.5604,-66.9883,173.348,0.695828,-0.0191382,-0.214216,0.685251
4.34,-20.6797,-66.7038,173.674,0.696515,-0.0175915,-0.211188,0.685534
4.35,-20.796,-66.4185,173.999,0.697195,-0.0160159,-0.208177,0.685802
4.36,-20.9092,-66.1322,174.324,0.697869,-0.0144116,-0.20518,0.686055
4.37,-21.0194,-65.845,174.649,0.698537,-0.0127788,-0.2022,0.686293
4.38,-21.1264,-65.557,174.974,0.699198,-0.0111176,-0.199237,0.686515
4.39,-21.2305,-65.2682,175.298,0.699852,-0.00942841,-0.19629,0.686723
4.4,-21.3314,-64.9786,175.622,0.700499,-0.00771129,-0.19336,0.686916
4.41,-21.4293,-64.6882,175.946,0.701139,-0.00596647,-0.190447,0.687094
4.42,-21.524,-64.3971,176.269,0.701772,-0.00419419,-0.187552,0.687257
4.43,-21.6157,-64.1053,176.593,0.702397,-0.00239466,-0.184675,0.687406
4.44,-21.7043,-63.8129,176.916,0.703015,-0.0005681,-0.181816,0.687541
4.45,-21.7898,-63.5198,177.239,0.703626,0.00128527,-0.178975,0.687661
4.46,-21.8722,-63.2261,177.561,0.704228,0.00316521,-0.176153,0.687766
4.47,-21.9515,-62.9318,177.884,0.704823,0.00507151,-0.173351,0.687858
4.48,-22.0277,-62.637,178.206,0.70541,0.00700392,-0.170567,0.687935
4.49,-22.1007,-62.3417,178.527,0.705989,0.00896222,-0.167803,0.687998
4.5,-22.1707,-62.046,178.849,0.706559,0.0109462,-0.165059,0.688048
4.51,-22.2375,-61.7498,179.17,0.707121,0.0129555,-0.162335,0.688084
4.52,-22.3012,-61.4531,179.492,0.707675,0.01499,-0.159632,0.688106
4.53,-22.3618,-61.1561,179.812,0.70822,0.0170494,-0.156949,0.688114
4.54,-22.4193,-60.8588,180.133,0.708756,0.0191335,-0.154287,0.688109
4.55,-22.4736,-60.5611,180.453,0.709283,0.021242,-0.151646,0.688091
4.56,-22.5249,-60.2631,180.774,0.709802,0.0233746,-0.149027,0.68806
4.57,-22.573,-59.9649,181.094,0.710311,0.0255312,-0.146429,0.688015
4.58,-22.618,-59.6665,181.413,0.710811,0.0277114,-0.143854,0.687957
4.59,-22.6599,-59.3678,181.733,0.711302,0.029915,-0.1413,0.687887
4.6,-22.6986,-59.069,182.052,0.711784,0.0321417,-0.138769,0.687804
4.61,-22.7343,-58.7701,182.371,0.712256,0.0343912,-0.136261,0.687708
4.62,-22.7668,-58.4711,182.69,0.712718,0.0366634,-0.133775,0.6876
4.63,-22.7962,-58.172,183.008,0.71317,0.0389578,-0.131313,0.687479
4.64,-22.8225,-57.8728,183.326,0.713613,0.0412743,-0.128874,0.687346
4.65,-22.8456,-57.5737,183.644,0.714046,0.0436126,-0.126459,0.687201
4.66,-22.8657,-57.2746,183.962,0.714468,0.0459723,-0.124067,0.687043
4.67,-22.8827,-56.9755,184.28,0.714881,0.0483533,-0.1217,0.686874
4.68,-22.8965,-56.6765,184.597,0.715283,0.0507552,-0.119357,0.686693
4.69,-22.9073,-56.3777,184.914,0.715675,0.0531777,-0.117038,0.686501
4.7,-22.915,-56.079,185.231,0.716056,0.0556206,-0.114744,0.686297
4.71,-22.9195,-55.7804,185.547,0.716427,0.0580836,-0.112475,0.686081
4.72,-22.921,-55.4821,185.864,0.716787,0.0605663,-0.110231,0.685855
4.73,-22.9194,-55.184,186.18,0.717137,0.0630685,-0.108013,0.685617
4.74,-22.9148,-54.8862,186.496,0.717476,0.06559,-0.10582,0.685368
4.75,-22.907,-54.5887,186.812,0.717803,0.0681303,-0.103652,0.685108
4.76,-22.8962,-54.2915,187.127,0.71812,0.0706893,-0.101511,0.684837
4.77,-22.8823,-53.9946,187.442,0.718425,0.0732665,-0.0993956,0.684556
4.78,-22.8654,-53.6982,187.757,0.71872,0.0758617,-0.0973065,0.684265
4.79,-22.8454,-53.4022,188.072,0.719003,0.0784747,-0.0952439,0.683963
4.8,-22.8224,-53.1066,188.386,0.719275,0.0811051,-0.0932079,0.683651
4.81,-22.7964,-52.8115,188.701,0.719535,0.0837525,-0.0911987,0.683328
4.82,-22.7673,-52.5169,189.015,0.719784,0.0864167,-0.0892164,0.682996
4.83,-22.7352,-52.2229,189.329,0.720021,0.0890974,-0.0872614,0.682654
4.84,-22.7001,-51.9294,189.642,0.720246,0.0917943,-0.0853336,0.682303
4.85,-22.662,-51.6365,189.956,0.72046,0.0945071,-0.0834333,0.681942
4.86,-22.6209,-51.3443,190.269,0.720662,0.0972353,-0.0815606,0.681571
4.87,-22.5768,-51.0527,190.582,0.720852,0.0999788,-0.0797157,0.681191
4.88,-22.5298,-50.7618,190.894,0.72103,0.102737,-0.0778987,0.680803
4.89,-22.4797,-50.4716,191.207,0.721196,0.10551,-0.0761098,0.680405
4.9,-22.4267,-50.1821,191.519,0.72135,0.108298,-0.0743491,0.679998
4.91,-22.3708,-49.8935,191.831,0.721492,0.111099,-0.0726168,0.679583
4.92,-22.3119,-49.6056,192.143,0.721621,0.113914,-0.0709129,0.67916
4.93,-22.2501,-49.3185,192.454,0.721739,0.116742,-0.0692377,0.678727
4.94,-22.1854,-49.0323,192.766,0.721843,0.119583,-0.0675912,0.678287
4.95,-22.1178,-48.747,193.077,0.721936,0.122437,-0.0659735,0.677839
4.96,-22.0473,-48.4627,193.387,0.722016,0.125303,-0.0643849,0.677382
4.97,-21.9739,-48.1792,193.698,0.722083,0.128182,-0.0628254,0.676918
4.98,-21.8976,-47.8967,194.009,0.722138,0.131071,-0.061295,0.676447
4.99,-21.8185,-47.6153,194.319,0.72218,0.133973,-0.059794,0.675967
5,-21.7365,-47.3348,194.629,0.72221,0.136885,-0.0583225,0.675481
5.01,-21.6517,-47.0554,194.938,0.722226,0.139808,-0.0568804,0.674987
5.02,-21.5641,-46.7771,195.248,0.72223,0.142742,-0.055468,0.674486
5.03,-21.4736,-46.4999,195.557,0.722221,0.145685,-0.0540854,0.673979
5.04,-21.3804,-46.2238,195.866,0.722199,0.148638,-0.0527325,0.673464
5.05,-21.2844,-45.9489,196.175,0.722165,0.151601,-0.0514095,0.672943
5.06,-21.1856,-45.6752,196.484,0.722117,0.154572,-0.0501166,0.672416
5.07,-21.0841,-45.4027,196.792,0.722056,0.157553,-0.0488537,0.671882
5.08,-20.9798,-45.1314,197.1,0.721982,0.160542,-0.0476209,0.671342
5.09,-20.8728,-44.8614,197.408,0.721895,0.163538,-0.0464183,0.670796
5.1,-20.7631,-44.5927,197.716,0.721795,0.166543,-0.0452461,0.670245
5.11,-20.6507,-44.3253,198.024,0.721682,0.169555,-0.0441042,0.669687
5.12,-20.5356,-44.0592,198.331,0.721556,0.172574,-0.0429926,0.669124
5.13,-20.4179,-43.7945,198.638,0.721416,0.175599,-0.0419116,0.668556
5.14,-20.2975,-43.5313,198.945,0.721263,0.178631,-0.0408611,0.667982
5.15,-20.1745,-43.2694,199.252,0.721097,0.181669,-0.0398411,0.667404
5.16,-20.0488,-43.009,199.558,0.720918,0.184713,-0.0388517,0.66682
5.17,-19.9206,-42.75,199.864,0.720725,0.187762,-0.037893,0.666232
5.18,-19.7898,-42.4926,200.17,0.720519,0.190816,-0.036965,0.665639
5.19,-19.6564,-42.2366,200.476,0.720299,0.193875,-0.0360678,0.665042
5.2,-19.5205,-41.9823,200.782,0.720066,0.196938,-0.0352013,0.66444
5.21,-19.382,-41.7294,201.087,0.71982,0.200006,-0.0343656,0.663834
5.22,-19.241,-41.4782,201.392,0.71956,0.203077,-0.0335607,0.663224
5.23,-19.0976,-41.2286,201.697,0.719287,0.206151,-0.0327866,0.662611
5.24,-18.9516,-40.9806,202.002,0.719,0.209228,-0.0320434,0.661993
5.25,-18.8032,-40.7343,202.306,0.7187,0.212308,-0.031331,0.661373
5.26,-18.6524,-40.4897,202.61,0.718387,0.21539,-0.0306495,0.660748
5.27,-18.4991,-40.2468,202.914,0.71806,0.218475,-0.0299989,0.660121
5.28,-18.3435,-40.0056,203.218,0.717719,0.22156,-0.0293792,0.65949
5.29,-18.1854,-39.7661,203.522,0.717365,0.224648,-0.0287903,0.658857
5.3,-18.025,-39.5285,203.825,0.716997,0.227736,-0.0282324,0.65822
5.31,-17.8623,-39.2926,204.129,0.716616,0.230825,-0.0277053,0.657582
5.32,-17.6972,-39.0586,204.432,0.716222,0.233914,-0.027209,0.65694
5.33,-17.5298,-38.8264,204.734,0.715814,0.237003,-0.0267436,0.656297
5.34,-17.3601,-38.596,205.037,0.715392,0.240092,-0.026309,0.655651
5.35,-17.1882,-38.3676,205.339,0.714957,0.24318,-0.0259051,0.655003
5.36,-17.014,-38.141,205.641,0.714508,0.246268,-0.0255321,0.654353
5.37,-16.8376,-37.9164,205.943,0.714046,0.249353,-0.0251897,0.653702
5.38,-16.659,-37.6937,206.245,0.713571,0.252438,-0.0248781,0.653049
5.39,-16.4783,-37.473,206.546,0.713082,0.25552,-0.0245971,0.652395
5.4,-16.2953,-37.2542,206.848,0.71258,0.2586,-0.0243468,0.651739
5.41,-16.1103,-37.0375,207.149,0.712064,0.261677,-0.024127,0.651082
5.42,-15.9231,-36.8228,207.45,0.711535,0.264751,-0.0239378,0.650425
5.43,-15.7338,-36.6102,207.75,0.710992,0.267822,-0.023779,0.649766
5.44,-15.5424,-36.3996,208.051,0.710436,0.270889,-0.0236507,0.649107
5.45,-15.349,-36.1911,208.351,0.709867,0.273953,-0.0235527,0.648448
5.46,-15.1536,-35.9847,208.651,0.709284,0.277012,-0.023485,0.647788
5.47,-14.9562,-35.7804,208.951,0.708688,0.280066,-0.0234475,0.647128
5.48,-14.7568,-35.5782,209.251,0.708079,0.283115,-0.0234402,0.646468
5.49,-14.5554,-35.3782,209.55,0.707456,0.28616,-0.023463,0.645808
5.5,-14.3521,-35.1804,209.849,0.706821,0.289198,-0.0235158,0.645148
5.51,-14.1469,-34.9848,210.148,0.706172,0.292231,-0.0235985,0.644489
5.52,-13.9398,-34.7914,210.447,0.70551,0.295258,-0.0237111,0.64383
5.53,-13.7308,-34.6002,210.745,0.704834,0.298278,-0.0238535,0.643172
5.54,-13.52,-34.4112,211.044,0.704146,0.301291,-0.0240255,0.642515
5.55,-13.3073,-34.2246,211.342,0.703445,0.304297,-0.0242271,0.641858
5.56,-13.0929,-34.0401,211.64,0.70273,0.307295,-0.0244582,0.641203
5.57,-12.8767,-33.858,211.938,0.702003,0.310286,-0.0247187,0.640549
5.58,-12.6588,-33.6782,212.235,0.701263,0.313269,-0.0250084,0.639897
5.59,-12.4391,-33.5007,212.533,0.700509,0.316243,-0.0253274,0.639246
5.6,-12.2177,-33.3256,212.83,0.699743,0.319209,-0.0256754,0.638597
5.61,-11.9947,-33.1528,213.127,0.698964,0.322165,-0.0260524,0.637949
5.62,-11.77,-32.9823,213.423,0.698173,0.325113,-0.0264582,0.637304
5.63,-11.5437,-32.8143,213.72,0.697369,0.32805,-0.0268927,0.636661
5.64,-11.3158,-32.6486,214.016,0.696551,0.330978,-0.0273558,0.63602
5.65,-11.0863,-32.4854,214.312,0.695722,0.333896,-0.0278474,0.635381
5.66,-10.8553,-32.3246,214.608,0.69488,0.336803,-0.0283673,0.634745
5.67,-10.6228,-32.1662,214.904,0.694025,0.339699,-0.0289155,0.634112
5.68,-10.3887,-32.0103,215.199,0.693158,0.342584,-0.0294917,0.633482
5.69,-10.1532,-31.8568,215.495,0.692278,0.345457,-0.0300959,0.632854
5.7,-9.91623,-31.7058,215.79,0.691386,0.348319,-0.0307278,0.63223
5.71,-9.67785,-31.5573,216.085,0.690482,0.35117,-0.0313875,0.631608
5.72,-9.43808,-31.4113,216.379,0.689566,0.354007,-0.0320746,0.630991
5.73,-9.19694,-31.2678,216.674,0.688637,0.356832,-0.0327891,0.630376
5.74,-8.95445,-31.1269,216.968,0.687696,0.359645,-0.0335308,0.629766
5.75,-8.71066,-30.9884,217.262,0.686744,0.362444,-0.0342995,0.629159
5.76,-8.46557,-30.8525,217.556,0.685779,0.36523,-0.0350952,0.628556
5.77,-8.21922,-30.7192,217.85,0.684803,0.368002,-0.0359176,0.627957
5.78,-7.97163,-30.5885,218.143,0.683814,0.37076,-0.0367665,0.627362
5.79,-7.72284,-30.4603,218.437,0.682814,0.373504,-0.0376418,0.626772
5.8,-7.47286,-30.3347,218.73,0.681802,0.376234,-0.0385434,0.626185
5.81,-7.22172,-30.2117,219.023,0.680779,0.378949,-0.039471,0.625604
5.82,-6.96946,-30.0913,219.315,0.679744,0.381649,-0.0404246,0.625027
5.83,-6.71609,-29.9736,219.608,0.678697,0.384333,-0.0414038,0.624455
5.84,-6.46164,-29.8584,219.9,0.677639,0.387002,-0.0424085,0.623888
5.85,-6.20615,-29.7459,220.192,0.67657,0.389655,-0.0434386,0.623326
5.86,-5.94964,-29.6361,220.484,0.67549,0.392292,-0.0444938,0.622769
5.87,-5.69213,-29.5288,220.776,0.674398,0.394913,-0.045574,0.622217
5.88,-5.43365,-29.4243,221.067,0.673296,0.397517,-0.046679,0.621671
5.89,-5.17423,-29.3224,221.359,0.672182,0.400104,-0.0478085,0.62113
5.9,-4.9139,-29.2232,221.65,0.671057,0.402674,-0.0489625,0.620595
5.91,-4.65269,-29.1266,221.941,0.669922,0.405227,-0.0501406,0.620066
5.92,-4.39061,-29.0328,222.232,0.668776,0.407762,-0.0513427,0.619542
5.93,-4.12771,-28.9416,222.522,0.667619,0.41028,-0.0525686,0.619025
5.94,-3.864,-28.8532,222.812,0.666452,0.412779,-0.053818,0.618513
5.95,-3.59951,-28.7674,223.103,0.665274,0.41526,-0.0550909,0.618008
5.96,-3.33428,-28.6844,223.392,0.664086,0.417723,-0.0563868,0.61751
5.97,-3.06833,-28.6041,223.682,0.662887,0.420167,-0.0577057,0.617017
5.98,-2.80168,-28.5265,223.972,0.661679,0.422592,-0.0590474,0.616532
5.99,-2.53437,-28.4516,224.261,0.66046,0.424997,-0.0604115,0.616052
6,-2.26642,-28.3795,224.55,0.659231,0.427383,-0.0617979,0.61558
6.01,-1.99786,-28.31,224.839,0.657992,0.42975,-0.0632064,0.615115
6.02,-1.72871,-28.2434,225.128,0.656744,0.432096,-0.0646367,0.614656
6.03,-1.45901,-28.1794,225.417,0.655486,0.434423,-0.0660887,0.614205
6.04,-1.18879,-28.1183,225.705,0.654218,0.436729,-0.067562,0.613761
6.05,-0.918062,-28.0598,225.993,0.65294,0.439015,-0.0690564,0.613324
6.06,-0.646866,-28.0041,226.281,0.651653,0.44128,-0.0705718,0.612895
6.07,-0.375225,-27.9512,226.569,0.650357,0.443524,-0.0721079,0.612473
6.08,-0.103169,-27.901,226.857,0.649052,0.445747,-0.0736644,0.612058
6.09,0.169276,-27.8536,227.144,0.647737,0.447948,-0.0752411,0.611652
6.1,0.442082,-27.809,227.431,0.646414,0.450128,-0.0768378,0.611253
6.11,0.71522,-27.7671,227.718,0.645081,0.452286,-0.0784542,0.610862
6.12,0.988664,-27.728,228.005,0.64374,0.454422,-0.0800901,0.610479
6.13,1.26238,-27.6916,228.292,0.64239,0.456537,-0.0817452,0.610104
6.14,1.53636,-27.658,228.578,0.641032,0.458628,-0.0834193,0.609737
6.15,1.81055,-27.6271,228.865,0.639665,0.460698,-0.0851121,0.609379
6.16,2.08493,-27.5991,229.151,0.638289,0.462744,-0.0868234,0.609029
6.17,2.35949,-27.5738,229.437,0.636905,0.464768,-0.0885529,0.608687
6.18,2.63418,-27.5512,229.722,0.635514,0.466769,-0.0903004,0.608354
6.19,2.90898,-27.5314,230.008,0.634114,0.468747,-0.0920656,0.60803
6.2,3.18387,-27.5144,230.293,0.632706,0.470701,-0.0938483,0.607714
6.21,3.45881,-27.5001,230.578,0.631291,0.472632,-0.0956481,0.607407
6.22,3.73378,-27.4886,230.863,0.629867,0.474539,-0.0974649,0.607109
6.23,4.00876,-27.4799,231.148,0.628436,0.476422,-0.0992984,0.606819
6.24,4.2837,-27.4739,231.433,0.626998,0.478281,-0.101148,0.606539
6.25,4.5586,-27.4707,231.717,0.625552,0.480116,-0.103014,0.606268
6.26,4.83341,-27.4702,232.001,0.6241,0.481927,-0.104896,0.606006
6.27,5.10811,-27.4724,232.285,0.622639,0.483713,-0.106794,0.605753
6.28,5.38268,-27.4774,232.569,0.621172,0.485474,-0.108706,0.60551
6.29,5.65708,-27.4852,232.853,0.619699,0.487211,-0.110634,0.605276
6.3,5.9313,-27.4957,233.136,0.618218,0.488923,-0.112577,0.605052
6.31,6.2053,-27.5089,233.42,0.616731,0.49061,-0.114534,0.604837
6.32,6.47905,-27.5248,233.703,0.615237,0.492272,-0.116505,0.604631
6.33,6.75253,-27.5435,233.985,0.613737,0.493908,-0.118491,0.604435
6.34,7.02572,-27.5649,234.268,0.61223,0.495519,-0.12049,0.604249
6.35,7.29858,-27.589,234.551,0.610717,0.497104,-0.122502,0.604073
6.36,7.57108,-27.6158,234.833,0.609199,0.498664,-0.124528,0.603907
6.37,7.84321,-27.6453,235.115,0.607674,0.500198,-0.126566,0.603751
6.38,8.11494,-27.6775,235.397,0.606144,0.501706,-0.128617,0.603604
6.39,8.38623,-27.7124,235.679,0.604608,0.503188,-0.13068,0.603468
6.4,8.65707,-27.75,235.961,0.603066,0.504644,-0.132755,0.603342
6.41,8.92742,-27.7902,236.242,0.601519,0.506074,-0.134842,0.603225
6.42,9.19726,-27.8332,236.523,0.599967,0.507478,-0.13694,0.60312
6.43,9.46656,-27.8787,236.804,0.59841,0.508855,-0.13905,0.603024
6.44,9.7353,-27.927,237.085,0.596847,0.510205,-0.14117,0.602939
6.45,10.0035,-27.9779,237.366,0.59528,0.511529,-0.143301,0.602864
6.46,10.271,-28.0314,237.646,0.593708,0.512826,-0.145442,0.602799
6.47,10.5379,-28.0876,237.927,0.592131,0.514097,-0.147593,0.602745
6.48,10.8041,-28.1464,238.207,0.59055,0.51534,-0.149754,0.602702
6.49,11.0697,-28.2078,238.487,0.588964,0.516557,-0.151924,0.602668
6.5,11.3345,-28.2718,238.767,0.587374,0.517746,-0.154103,0.602646
6.51,11.5985,-28.3385,239.046,0.58578,0.518909,-0.156291,0.602634
6.52,11.8619,-28.4077,239.326,0.584182,0.520044,-0.158488,0.602633
6.53,12.1244,-28.4794,239.605,0.582581,0.521152,-0.160692,0.602643
6.54,12.3861,-28.5538,239.884,0.580975,0.522233,-0.162905,0.602663
6.55,12.6469,-28.6307,240.163,0.579366,0.523286,-0.165125,0.602694
6.56,12.9069,-28.7102,240.441,0.577753,0.524312,-0.167353,0.602736
6.57,13.166,-28.7922,240.72,0.576137,0.525311,-0.169588,0.602789
6.58,13.4242,-28.8767,240.998,0.574518,0.526282,-0.171829,0.602853
6.59,13.6814,-28.9637,241.276,0.572895,0.527225,-0.174077,0.602928
6.6,13.9377,-29.0533,241.554,0.57127,0.528141,-0.176331,0.603013
6.61,14.193,-29.1453,241.832,0.569642,0.529029,-0.178591,0.60311
6.62,14.4472,-29.2398,242.11,0.568011,0.529889,-0.180857,0.603218
6.63,14.7004,-29.3368,242.387,0.566378,0.530722,-0.183128,0.603336
6.64,14.9526,-29.4363,242.664,0.564742,0.531527,-0.185403,0.603466
6.65,15.2037,-29.5381,242.942,0.563104,0.532304,-0.187684,0.603607
6.66,15.4536,-29.6425,243.218,0.561464,0.533054,-0.189969,0.603758
6.67,15.7025,-29.7492,243.495,0.559821,0.533775,-0.192257,0.603921
6.68,15.9502,-29.8583,243.772,0.558177,0.534469,-0.19455,0.604096
6.69,16.1967,-29.9699,244.048,0.556531,0.535135,-0.196846,0.604281
6.7,16.4419,-30.0838,244.324,0.554884,0.535773,-0.199146,0.604477
6.71,16.686,-30.2001,244.6,0.553235,0.536383,-0.201448,0.604685
6.72,16.9288,-30.3187,244.876,0.551584,0.536965,-0.203753,0.604904
6.73,17.1704,-30.4397,245.152,0.549933,0.537519,-0.20606,0.605134
6.74,17.4107,-30.563,245.427,0.54828,0.538045,-0.208369,0.605375
6.75,17.6496,-30.6886,245.703,0.546626,0.538544,-0.21068,0.605627
6.76,17.8872,-30.8165,245.978,0.544972,0.539014,-0.212992,0.605891
6.77,18.1235,-30.9466,246.253,0.543316,0.539457,-0.215306,0.606166
6.78,18.3583,-31.0791,246.527,0.54166,0.539872,-0.21762,0.606452
6.79,18.5918,-31.2138,246.802,0.540004,0.540259,-0.219935,0.606749
6.8,18.8239,-31.3507,247.076,0.538348,0.540618,-0.22225,0.607058
6.81,19.0545,-31.4898,247.351,0.536691,0.540949,-0.224565,0.607377
6.82,19.2836,-31.6311,247.625,0.535034,0.541253,-0.22688,0.607708
6.83,19.5113,-31.7746,247.899,0.533377,0.541529,-0.229194,0.608051
6.84,19.7374,-31.9203,248.172,0.531721,0.541777,-0.231507,0.608404
6.85,19.962,-32.0682,248.446,0.530065,0.541997,-0.233819,0.608769
6.86,20.1851,-32.2181,248.719,0.528409,0.54219,-0.236129,0.609145
6.87,20.4066,-32.3702,248.993,0.526754,0.542355,-0.238438,0.609532
6.88,20.6266,-32.5244,249.266,0.5251,0.542492,-0.240744,0.60993
6.89,20.8449,-32.6806,249.538,0.523446,0.542602,-0.243049,0.610339
6.9,21.0616,-32.839,249.811,0.521794,0.542685,-0.24535,0.61076
6.91,21.2766,-32.9993,250.084,0.520142,0.54274,-0.247649,0.611192
6.92,21.49,-33.1617,250.356,0.518492,0.542768,-0.249944,0.611635
6.93,21.7017,-33.3261,250.628,0.516843,0.542768,-0.252236,0.612089
6.94,21.9117,-33.4926,250.9,0.515196,0.542742,-0.254524,0.612554
6.95,22.12,-33.6609,251.172,0.513551,0.542688,-0.256808,0.61303
6.96,22.3265,-33.8313,251.444,0.511907,0.542607,-0.259087,0.613517
6.97,22.5313,-34.0035,251.715,0.510265,0.542499,-0.261362,0.614015
6.98,22.7343,-34.1777,251.986,0.508625,0.542364,-0.263632,0.614524
6.99,22.9355,-34.3538,252.258,0.506988,0.542202,-0.265897,0.615045
7,23.1349,-34.5318,252.529,0.505352,0.542013,-0.268156,0.615576
7.01,23.3325,-34.7116,252.799,0.503719,0.541798,-0.270409,0.616118
7.02,23.5282,-34.8933,253.07,0.502089,0.541556,-0.272657,0.616671
7.03,23.7221,-35.0767,253.34,0.500461,0.541287,-0.274898,0.617235
7.04,23.9141,-35.262,253.611,0.498836,0.540992,-0.277133,0.617809
7.05,24.1041,-35.4491,253.881,0.497213,0.54067,-0.27936,0.618395
7.06,24.2923,-35.6379,254.151,0.495594,0.540323,-0.281581,0.618991
7.07,24.4786,-35.8285,254.421,0.493978,0.539949,-0.283794,0.619598
7.08,24.6629,-36.0208,254.69,0.492366,0.539549,-0.285999,0.620216
7.09,24.8452,-36.2148,254.96,0.490756,0.539123,-0.288197,0.620844
7.1,25.0256,-36.4104,255.229,0.48915,0.538671,-0.290386,0.621483
7.11,25.204,-36.6078,255.498,0.487548,0.538194,-0.292567,0.622132
7.12,25.3804,-36.8067,255.767,0.48595,0.53769,-0.294739,0.622792
7.13,25.5548,-37.0073,256.036,0.484355,0.537162,-0.296902,0.623463
7.14,25.7271,-37.2094,256.304,0.482765,0.536608,-0.299056,0.624144
7.15,25.8974,-37.4132,256.573,0.481178,0.536028,-0.301201,0.624835
7.16,26.0656,-37.6185,256.841,0.479596,0.535424,-0.303335,0.625537
7.17,26.2317,-37.8253,257.109,0.478018,0.534795,-0.30546,0.626249
7.18,26.3958,-38.0336,257.377,0.476445,0.53414,-0.307574,0.626971
7.19,26.5577,-38.2434,257.645,0.474876,0.533461,-0.309678,0.627704
7.2,26.7176,-38.4547,257.913,0.473312,0.532757,-0.311771,0.628446
7.21,26.8753,-38.6674,258.18,0.471752,0.532029,-0.313853,0.629199
7.22,27.0308,-38.8815,258.447,0.470198,0.531276,-0.315923,0.629962
7.23,27.1842,-39.0971,258.714,0.468649,0.5305,-0.317983,0.630734
7.24,27.3355,-39.314,258.981,0.467104,0.529699,-0.32003,0.631517
7.25,27.4845,-39.5322,259.248,0.465565,0.528874,-0.322065,0.632309
7.26,27.6314,-39.7518,259.515,0.464032,0.528025,-0.324088,0.633112
7.27,27.776,-39.9727,259.781,0.462504,0.527153,-0.326099,0.633924
7.28,27.9185,-40.1949,260.047,0.460981,0.526258,-0.328097,0.634746
7.29,28.0587,-40.4183,260.314,0.459464,0.525339,-0.330082,0.635577
7.3,28.1967,-40.643,260.58,0.457953,0.524397,-0.332054,0.636418
7.31,28.3324,-40.8689,260.845,0.456448,0.523432,-0.334012,0.637268
7.32,28.4659,-41.0959,261.111,0.454949,0.522444,-0.335956,0.638128
7.33,28.5971,-41.3242,261.376,0.453456,0.521433,-0.337887,0.638997
7.34,28.7261,-41.5536,261.642,0.451969,0.5204,-0.339804,0.639876
7.35,28.8527,-41.7841,261.907,0.450488,0.519345,-0.341706,0.640764
7.36,28.9771,-42.0157,262.172,0.449014,0.518267,-0.343594,0.641661
7.37,29.0991,-42.2483,262.437,0.447547,0.517168,-0.345467,0.642567
7.38,29.2189,-42.4821,262.701,0.446086,0.516047,-0.347325,0.643482
7.39,29.3363,-42.7168,262.966,0.444632,0.514904,-0.349167,0.644406
7.4,29.4514,-42.9526,263.23,0.443185,0.513739,-0.350995,0.645339
7.41,29.5641,-43.1893,263.494,0.441744,0.512554,-0.352806,0.64628
7.42,29.6745,-43.427,263.758,0.440311,0.511347,-0.354602,0.647231
7.43,29.7825,-43.6656,264.022,0.438885,0.51012,-0.356382,0.64819
7.44,29.8882,-43.9051,264.286,0.437466,0.508872,-0.358145,0.649157
7.45,29.9915,-44.1455,264.549,0.436054,0.507603,-0.359892,0.650133
7.46,30.0924,-44.3867,264.813,0.43465,0.506314,-0.361623,0.651118
7.47,30.1909,-44.6288,265.076,0.433253,0.505005,-0.363336,0.652111
7.48,30.2871,-44.8717,265.339,0.431864,0.503676,-0.365033,0.653112
7.49,30.3808,-45.1154,265.602,0.430483,0.502327,-0.366712,0.654121
7.5,30.4722,-45.3598,265.864,0.429109,0.500959,-0.368374,0.655138
7.51,30.5611,-45.605,266.127,0.427743,0.499572,-0.370018,0.656164
7.52,30.6476,-45.8509,266.389,0.426385,0.498165,-0.371644,0.657197
7.53,30.7317,-46.0974,266.652,0.425036,0.496739,-0.373253,0.658238
7.54,30.8134,-46.3447,266.914,0.423694,0.495295,-0.374843,0.659287
7.55,30.8927,-46.5925,267.176,0.42236,0.493833,-0.376414,0.660343
7.56,30.9695,-46.841,267.437,0.421035,0.492352,-0.377968,0.661407
7.57,31.0438,-47.0901,267.699,0.419719,0.490853,-0.379502,0.662479
7.58,31.1158,-47.3397,267.96,0.41841,0.489336,-0.381018,0.663558
7.59,31.1852,-47.5899,268.222,0.41711,0.487802,-0.382514,0.664644
7.6,31.2523,-47.8405,268.483,0.415819,0.48625,-0.383992,0.665737
7.61,31.3168,-48.0917,268.744,0.414537,0.484681,-0.38545,0.666838
7.62,31.379,-48.3433,269.005,0.413263,0.483095,-0.386888,0.667945
7.63,31.4386,-48.5954,269.265,0.411998,0.481492,-0.388307,0.66906
7.64,31.4958,-48.8479,269.526,0.410742,0.479873,-0.389705,0.670181
7.65,31.5506,-49.1008,269.786,0.409495,0.478238,-0.391084,0.671309
7.66,31.6028,-49.354,270.046,0.408258,0.476586,-0.392443,0.672444
7.67,31.6526,-49.6076,270.306,0.407029,0.474919,-0.393781,0.673585
7.68,31.6999,-49.8615,270.566,0.40581,0.473236,-0.395099,0.674732
7.69,31.7448,-50.1156,270.826,0.404599,0.471537,-0.396396,0.675886
7.7,31.7872,-50.3701,271.086,0.403399,0.469824,-0.397672,0.677047
7.71,31.8271,-50.6248,271.345,0.402207,0.468096,-0.398927,0.678213
7.72,31.8645,-50.8797,271.604,0.401025,0.466353,-0.400162,0.679385
7.73,31.8995,-51.1348,271.863,0.399853,0.464595,-0.401375,0.680564
7.74,31.932,-51.39,272.122,0.39869,0.462824,-0.402567,0.681748
7.75,31.962,-51.6454,272.381,0.397537,0.461038,-0.403737,0.682938
7.76,31.9895,-51.9009,272.64,0.396394,0.459239,-0.404886,0.684134
7.77,32.0146,-52.1565,272.898,0.395261,0.457426,-0.406013,0.685335
7.78,32.0372,-52.4122,273.157,0.394137,0.4556,-0.407118,0.686541
7.79,32.0573,-52.6679,273.415,0.393023,0.453761,-0.408202,0.687753
7.8,32.075,-52.9237,273.673,0.39192,0.45191,-0.409263,0.68897
7.81,32.0902,-53.1794,273.931,0.390826,0.450045,-0.410302,0.690193
7.82,32.1029,-53.4351,274.188,0.389743,0.448169,-0.411319,0.69142
7.83,32.1131,-53.6907,274.446,0.388669,0.446281,-0.412314,0.692652
7.84,32.1209,-53.9463,274.703,0.387606,0.444381,-0.413286,0.693889
7.85,32.1263,-54.2018,274.961,0.386553,0.442469,-0.414235,0.695131
7.86,32.1291,-54.4571,275.218,0.38551,0.440546,-0.415162,0.696377
7.87,32.1296,-54.7123,275.475,0.384478,0.438612,-0.416065,0.697628
7.88,32.1275,-54.9673,275.731,0.383456,0.436668,-0.416946,0.698884
7.89,32.123,-55.2221,275.988,0.382445,0.434713,-0.417804,0.700143
7.9,32.1161,-55.4766,276.245,0.381444,0.432747,-0.418639,0.701407
7.91,32.1068,-55.7309,276.501,0.380454,0.430772,-0.419451,0.702674
7.92,32.095,-55.985,276.757,0.379474,0.428787,-0.42024,0.703946
7.93,32.0808,-56.2387,277.013,0.378505,0.426793,-0.421005,0.705221
7.94,32.0641,-56.4921,277.269,0.377546,0.424789,-0.421747,0.706501
7.95,32.045,-56.7452,277.525,0.376598,0.422776,-0.422465,0.707783
7.96,32.0236,-56.9979,277.78,0.375661,0.420755,-0.42316,0.70907
7.97,31.9997,-57.2502,278.036,0.374735,0.418725,-0.423831,0.710359
7.98,31.9734,-57.5021,278.291,0.373819,0.416687,-0.424478,0.711652
7.99,31.9447,-57.7536,278.546,0.372915,0.414641,-0.425102,0.712948
8,31.9136,-58.0046,278.801,0.372021,0.412588,-0.425702,0.714248
8.01,31.8801,-58.2551,279.056,0.371138,0.410527,-0.426278,0.71555
8.02,31.8442,-58.5051,279.311,0.370266,0.408459,-0.42683,0.716855
8.03,31.806,-58.7545,279.565,0.369405,0.406384,-0.427358,0.718162
8.04,31.7654,-59.0034,279.82,0.368555,0.404302,-0.427862,0.719473
8.05,31.7225,-59.2517,280.074,0.367716,0.402214,-0.428342,0.720785
8.06,31.6772,-59.4994,280.328,0.366889,0.40012,-0.428798,0.7221
8.07,31.6295,-59.7465,280.582,0.366072,0.39802,-0.429229,0.723418
8.08,31.5795,-59.993,280.836,0.365266,0.395915,-0.429637,0.724737
8.09,31.5272,-60.2387,281.089,0.364472,0.393804,-0.43002,0.726059
8.1,31.4726,-60.4838,281.343,0.363688,0.391688,-0.430379,0.727382
8.11,31.4157,-60.7281,281.596,0.362916,0.389568,-0.430713,0.728708
8.12,31.3564,-60.9717,281.85,0.362155,0.387443,-0.431024,0.730035
8.13,31.2949,-61.2146,282.103,0.361405,0.385313,-0.431309,0.731363
8.14,31.2311,-61.4566,282.356,0.360666,0.38318,-0.431571,0.732693
8.15,31.165,-61.6979,282.608,0.359939,0.381043,-0.431808,0.734025
8.16,31.0966,-61.9383,282.861,0.359223,0.378902,-0.432021,0.735357
8.17,31.026,-62.1779,283.113,0.358518,0.376759,-0.432209,0.736691
8.18,30.9531,-62.4166,283.366,0.357824,0.374612,-0.432373,0.738026
8.19,30.8781,-62.6544,283.618,0.357142,0.372462,-0.432512,0.739361
8.2,30.8007,-62.8912,283.87,0.356471,0.370311,-0.432627,0.740698
8.21,30.7212,-63.1272,284.122,0.355811,0.368157,-0.432717,0.742035
8.22,30.6395,-63.3622,284.374,0.355162,0.366001,-0.432783,0.743372
8.23,30.5556,-63.5962,284.625,0.354525,0.363843,-0.432824,0.74471
8.24,30.4695,-63.8292,284.877,0.353899,0.361684,-0.432841,0.746048
8.25,30.3812,-64.0612,285.128,0.353285,0.359524,-0.432834,0.747387
8.26,30.2908,-64.2921,285.379,0.352681,0.357364,-0.432802,0.748725
8.27,30.1982,-64.522,285.63,0.352089,0.355202,-0.432745,0.750064
8.28,30.1035,-64.7508,285.881,0.351509,0.35304,-0.432665,0.751402
8.29,30.0067,-64.9784,286.132,0.350939,0.350879,-0.432559,0.752741
8.3,29.9077,-65.205,286.383,0.350381,0.348717,-0.43243,0.754078
8.31,29.8067,-65.4304,286.633,0.349835,0.346556,-0.432276,0.755416
8.32,29.7036,-65.6547,286.883,0.349299,0.344395,-0.432097,0.756752
8.33,29.5984,-65.8777,287.134,0.348775,0.342236,-0.431895,0.758088
8.34,29.4912,-66.0996,287.384,0.348262,0.340077,-0.431668,0.759423
8.35,29.3819,-66.3202,287.633,0.34776,0.337921,-0.431417,0.760758
8.36,29.2706,-66.5396,287.883,0.34727,0.335766,-0.431141,0.762091
8.37,29.1573,-66.7577,288.133,0.346791,0.333613,-0.430842,0.763423
8.38,29.042,-66.9745,288.382,0.346323,0.331462,-0.430518,0.764753
8.39,28.9247,-67.1901,288.632,0.345866,0.329313,-0.430171,0.766083
8.4,28.8054,-67.4043,288.881,0.34542,0.327168,-0.429799,0.76741
8.41,28.6842,-67.6171,289.13,0.344986,0.325025,-0.429403,0.768736
8.42,28.561,-67.8287,289.379,0.344563,0.322886,-0.428984,0.770061
8.43,28.4359,-68.0388,289.628,0.344151,0.32075,-0.42854,0.771383
8.44,28.3088,-68.2475,289.876,0.34375,0.318618,-0.428073,0.772704
8.45,28.1799,-68.4549,290.125,0.34336,0.31649,-0.427582,0.774023
8.46,28.0491,-68.6608,290.373,0.342981,0.314367,-0.427068,0.775339
8.47,27.9164,-68.8652,290.621,0.342614,0.312248,-0.426529,0.776653
8.48,27.7819,-69.0682,290.869,0.342257,0.310133,-0.425967,0.777965
8.49,27.6455,-69.2697,291.117,0.341911,0.308024,-0.425382,0.779274
8.5,27.5074,-69.4697,291.365,0.341576,0.30592,-0.424773,0.780581
8.51,27.3674,-69.6682,291.613,0.341253,0.303821,-0.424141,0.781885
8.52,27.2256,-69.8651,291.86,0.34094,0.301728,-0.423486,0.783186
8.53,27.0821,-70.0605,292.107,0.340638,0.299641,-0.422808,0.784484
8.54,26.9368,-70.2544,292.355,0.340347,0.29756,-0.422106,0.785779
8.55,26.7897,-70.4466,292.602,0.340066,0.295486,-0.421382,0.787071
8.56,26.641,-70.6372,292.849,0.339797,0.293419,-0.420634,0.788359
8.57,26.4905,-70.8263,293.096,0.339538,0.291358,-0.419864,0.789645
8.58,26.3384,-71.0137,293.342,0.33929,0.289305,-0.419071,0.790926
8.59,26.1845,-71.1994,293.589,0.339053,0.287259,-0.418255,0.792205
8.6,26.0291,-71.3835,293.835,0.338826,0.28522,-0.417417,0.793479
8.61,25.872,-71.5659,294.081,0.33861,0.28319,-0.416557,0.79475
8.62,25.7133,-71.7466,294.328,0.338404,0.281168,-0.415674,0.796017
8.63,25.553,-71.9256,294.574,0.338209,0.279154,-0.414769,0.79728
8.64,25.3911,-72.1029,294.819,0.338025,0.277148,-0.413841,0.798538
8.65,25.2276,-72.2784,295.065,0.33785,0.275152,-0.412892,0.799793
8.66,25.0626,-72.4522,295.311,0.337687,0.273164,-0.411921,0.801043
8.67,24.8961,-72.6242,295.556,0.337533,0.271186,-0.410928,0.802289
8.68,24.7281,-72.7945,295.802,0.33739,0.269217,-0.409913,0.80353
8.69,24.5586,-72.9629,296.047,0.337257,0.267258,-0.408877,0.804767
8.7,24.3876,-73.1295,296.292,0.337134,0.265309,-0.40782,0.805999
8.71,24.2151,-73.2943,296.537,0.337022,0.26337,-0.406741,0.807226
8.72,24.0413,-73.4573,296.781,0.336919,0.261442,-0.405641,0.808449
8.73,23.866,-73.6185,297.026,0.336827,0.259524,-0.40452,0.809666
8.74,23.6893,-73.7777,297.271,0.336744,0.257616,-0.403378,0.810878
8.75,23.5113,-73.9351,297.515,0.336671,0.25572,-0.402215,0.812085
8.76,23.3319,-74.0907,297.759,0.336609,0.253835,-0.401031,0.813287
8.77,23.1512,-74.2443,298.003,0.336556,0.251962,-0.399827,0.814484
8.78,22.9691,-74.396,298.247,0.336513,0.2501,-0.398603,0.815675
8.79,22.7858,-74.5458,298.491,0.336479,0.24825,-0.397358,0.81686
8.8,22.6012,-74.6936,298.735,0.336455,0.246412,-0.396094,0.81804
8.81,22.4154,-74.8395,298.978,0.336441,0.244586,-0.394809,0.819213
8.82,22.2283,-74.9835,299.222,0.336437,0.242773,-0.393505,0.820381
8.83,22.04,-75.1255,299.465,0.336441,0.240972,-0.392181,0.821544
8.84,21.8505,-75.2655,299.708,0.336456,0.239185,-0.390837,0.8227
8.85,21.6598,-75.4035,299.951,0.336479,0.23741,-0.389474,0.82385
8.86,21.468,-75.5396,300.194,0.336512,0.235649,-0.388092,0.824993
8.87,21.275,-75.6736,300.437,0.336554,0.233901,-0.386691,0.826131
8.88,21.081,-75.8056,300.68,0.336605,0.232167,-0.385271,0.827262
8.89,20.8858,-75.9356,300.922,0.336665,0.230446,-0.383832,0.828387
8.9,20.6896,-76.0635,301.165,0.336734,0.22874,-0.382374,0.829505
8.91,20.4924,-76.1894,301.407,0.336812,0.227048,-0.380899,0.830616
8.92,20.2941,-76.3132,301.649,0.336899,0.22537,-0.379405,0.831721
8.93,20.0948,-76.435,301.891,0.336995,0.223707,-0.377892,0.832819
8.94,19.8945,-76.5547,302.133,0.3371,0.222059,-0.376362,0.833909
8.95,19.6932,-76.6723,302.375,0.337213,0.220425,-0.374815,0.834993
8.96,19.4911,-76.7879,302.616,0.337334,0.218807,-0.373249,0.83607
8.97,19.288,-76.9013,302.858,0.337465,0.217204,-0.371667,0.83714
8.98,19.084,-77.0126,303.099,0.337603,0.215617,-0.370067,0.838203
8.99,18.8791,-77.1218,303.34,0.33775,0.214045,-0.36845,0.839258
9,18.6733,-77.2289,303.581,0.337906,0.212489,-0.366816,0.840306
9.01,18.4668,-77.3339,303.822,0.338069,0.210949,-0.365166,0.841346
9.02,18.2594,-77.4367,304.063,0.338241,0.209425,-0.363499,0.842379
9.03,18.0512,-77.5374,304.304,0.33842,0.207917,-0.361816,0.843405
9.04,17.8423,-77.636,304.544,0.338608,0.206426,-0.360116,0.844422
9.05,17.6326,-77.7324,304.785,0.338803,0.204952,-0.358401,0.845432
9.06,17.4222,-77.8266,305.025,0.339006,0.203494,-0.35667,0.846434
9.07,17.2111,-77.9187,305.265,0.339217,0.202053,-0.354924,0.847429
9.08,16.9993,-78.0086,305.505,0.339436,0.200629,-0.353162,0.848415
9.09,16.7868,-78.0963,305.745,0.339662,0.199223,-0.351385,0.849393
9.1,16.5738,-78.1819,305.985,0.339896,0.197834,-0.349593,0.850363
9.11,16.3601,-78.2653,306.225,0.340137,0.196463,-0.347786,0.851325
9.12,16.1458,-78.3464,306.464,0.340385,0.195109,-0.345965,0.852279
9.13,15.9309,-78.4254,306.704,0.340641,0.193773,-0.344129,0.853224
9.14,15.7155,-78.5022,306.943,0.340903,0.192455,-0.342279,0.854161
9.15,15.4995,-78.5768,307.182,0.341173,0.191155,-0.340415,0.85509
9.16,15.2831,-78.6491,307.421,0.34145,0.189873,-0.338537,0.85601
9.17,15.0662,-78.7193,307.66,0.341733,0.18861,-0.336646,0.856921
9.18,14.8488,-78.7872,307.899,0.342023,0.187365,-0.334741,0.857824
9.19,14.631,-78.853,308.137,0.34232,0.186139,-0.332823,0.858718
9.2,14.4127,-78.9165,308.376,0.342624,0.184932,-0.330893,0.859604
9.21,14.1941,-78.9778,308.614,0.342934,0.183744,-0.328949,0.860481
9.22,13.9751,-79.0368,308.853,0.343251,0.182574,-0.326993,0.861348
9.23,13.7558,-79.0937,309.091,0.343573,0.181424,-0.325025,0.862207
9.24,13.5361,-79.1483,309.329,0.343903,0.180293,-0.323044,0.863057
9.25,13.3162,-79.2007,309.567,0.344238,0.179181,-0.321052,0.863898
9.26,13.0959,-79.2508,309.805,0.344579,0.178089,-0.319048,0.86473
9.27,12.8754,-79.2987,310.042,0.344926,0.177016,-0.317032,0.865553
9.28,12.6547,-79.3444,310.28,0.345279,0.175964,-0.315005,0.866366
9.29,12.4337,-79.3878,310.517,0.345638,0.17493,-0.312968,0.867171
9.3,12.2126,-79.4291,310.755,0.346003,0.173917,-0.310919,0.867966
9.31,11.9913,-79.468,310.992,0.346373,0.172924,-0.30886,0.868751
9.32,11.7698,-79.5048,311.229,0.346748,0.171951,-0.30679,0.869528
9.33,11.5482,-79.5393,311.466,0.347129,0.170998,-0.30471,0.870295
9.34,11.3265,-79.5715,311.702,0.347515,0.170066,-0.302621,0.871052
9.35,11.1048,-79.6015,311.939,0.347907,0.169154,-0.300521,0.8718
9.36,10.883,-79.6293,312.176,0.348303,0.168262,-0.298412,0.872538
9.37,10.6611,-79.6549,312.412,0.348705,0.167391,-0.296294,0.873267
9.38,10.4392,-79.6782,312.648,0.349111,0.16654,-0.294167,0.873986
9.39,10.2174,-79.6993,312.885,0.349522,0.165711,-0.29203,0.874696
9.4,9.99558,-79.7182,313.121,0.349938,0.164902,-0.289886,0.875395
9.41,9.77381,-79.7348,313.357,0.350359,0.164114,-0.287733,0.876085
9.42,9.55212,-79.7492,313.592,0.350783,0.163347,-0.285571,0.876765
9.43,9.33053,-79.7614,313.828,0.351213,0.162601,-0.283402,0.877436
9.44,9.10907,-79.7713,314.064,0.351646,0.161876,-0.281225,0.878096
9.45,8.88774,-79.7791,314.299,0.352084,0.161173,-0.279041,0.878747
9.46,8.66658,-79.7846,314.534,0.352526,0.16049,-0.27685,0.879388
9.47,8.44561,-79.7879,314.77,0.352972,0.159829,-0.274651,0.880018
9.48,8.22484,-79.789,315.005,0.353422,0.159189,-0.272446,0.880639
9.49,8.00431,-79.7879,315.24,0.353876,0.158571,-0.270234,0.88125
9.5,7.78403,-79.7846,315.475,0.354333,0.157974,-0.268016,0.88185
9.51,7.56402,-79.7791,315.709,0.354794,0.157399,-0.265792,0.882441
9.52,7.34431,-79.7714,315.944,0.355258,0.156845,-0.263562,0.883021
9.53,7.12492,-79.7615,316.178,0.355726,0.156313,-0.261326,0.883592
9.54,6.90587,-79.7494,316.413,0.356197,0.155803,-0.259085,0.884152
9.55,6.68717,-79.7352,316.647,0.356671,0.155314,-0.256839,0.884702
9.56,6.46886,-79.7187,316.881,0.357149,0.154847,-0.254588,0.885241
9.57,6.25096,-79.7001,317.115,0.357629,0.154402,-0.252332,0.885771
9.58,6.03347,-79.6794,317.349,0.358112,0.153979,-0.250072,0.88629
9.59,5.81644,-79.6564,317.583,0.358598,0.153578,-0.247807,0.886799
9.6,5.59987,-79.6313,317.817,0.359086,0.153198,-0.245539,0.887298
9.61,5.38379,-79.6041,318.05,0.359577,0.152841,-0.243266,0.887787
9.62,5.16822,-79.5747,318.284,0.360071,0.152505,-0.240991,0.888265
9.63,4.95318,-79.5432,318.517,0.360567,0.152192,-0.238712,0.888733
9.64,4.73869,-79.5096,318.75,0.361065,0.1519,-0.23643,0.88919
9.65,4.52478,-79.4738,318.983,0.361565,0.151631,-0.234145,0.889637
9.66,4.31146,-79.436,319.216,0.362067,0.151383,-0.231858,0.890074
9.67,4.09875,-79.396,319.449,0.362572,0.151158,-0.229568,0.890501
9.68,3.88667,-79.3539,319.682,0.363078,0.150955,-0.227276,0.890917
9.69,3.67525,-79.3097,319.914,0.363585,0.150773,-0.224983,0.891323
9.7,3.46451,-79.2635,320.147,0.364095,0.150614,-0.222687,0.891718
9.71,3.25446,-79.2151,320.379,0.364606,0.150477,-0.220391,0.892103
9.72,3.04513,-79.1647,320.611,0.365118,0.150362,-0.218093,0.892477
9.73,2.83653,-79.1123,320.844,0.365631,0.150269,-0.215794,0.892841
9.74,2.62869,-79.0577,321.076,0.366146,0.150199,-0.213494,0.893195
9.75,2.42162,-79.0012,321.308,0.366662,0.15015,-0.211194,0.893538
9.76,2.21535,-78.9426,321.539,0.367179,0.150123,-0.208894,0.893871
9.77,2.0099,-78.882,321.771,0.367696,0.150119,-0.206594,0.894194
9.78,1.80528,-78.8194,322.003,0.368215,0.150136,-0.204294,0.894506
9.79,1.60152,-78.7547,322.234,0.368734,0.150176,-0.201995,0.894808
9.8,1.39863,-78.6881,322.465,0.369254,0.150237,-0.199696,0.895099
9.81,1.19663,-78.6195,322.697,0.369774,0.150321,-0.197398,0.89538
9.82,0.995543,-78.5489,322.928,0.370295,0.150426,-0.195102,0.89565
9.83,0.79539,-78.4763,323.159,0.370815,0.150554,-0.192806,0.89591
9.84,0.596187,-78.4018,323.39,0.371336,0.150703,-0.190513,0.89616
9.85,0.397954,-78.3254,323.62,0.371857,0.150874,-0.188221,0.896399
9.86,0.200709,-78.247,323.851,0.372378,0.151067,-0.185931,0.896629
9.87,0.00447074,-78.1667,324.082,0.372899,0.151282,-0.183644,0.896847
9.88,-0.190742,-78.0845,324.312,0.37342,0.151519,-0.181359,0.897056
9.89,-0.384912,-78.0003,324.542,0.37394,0.151778,-0.179077,0.897254
9.9,-0.578019,-77.9143,324.772,0.374459,0.152058,-0.176798,0.897441
9.91,-0.770047,-77.8265,325.003,0.374979,0.15236,-0.174522,0.897619
9.92,-0.960977,-77.7367,325.232,0.375497,0.152683,-0.17225,0.897786
9.93,-1.15079,-77.6451,325.462,0.376015,0.153028,-0.169981,0.897943
9.94,-1.33947,-77.5517,325.692,0.376531,0.153395,-0.167716,0.89809
9.95,-1.527,-77.4564,325.922,0.377047,0.153783,-0.165456,0.898226
9.96,-1.71336,-77.3594,326.151,0.377562,0.154192,-0.163199,0.898353
9.97,-1.89854,-77.2605,326.381,0.378076,0.154623,-0.160948,0.898469
9.98,-2.08251,-77.1598,326.61,0.378588,0.155075,-0.158701,0.898575
9.99,-2.26526,-77.0574,326.839,0.379099,0.155549,-0.156459,0.898671
